Sawyer,James,20,F,Arabic,10010,Sawyer.James@comcast.net,Google Youtube Borg,College_Football_Fans,213,65322
Jackson,Diaz,82,F,Russian,38359,Jackson.Diaz@gmail.com,Borg,University_of_Tennessee_Fans,230,65305
Alice,White,51,F,English,77783,Alice.White@gmail.com,Youtube Facebook,College_Football_Fans,430,65105
Levi,James,77,M,Bengali,67527,Levi.James@comcast.net,Twitter Twitter,Linux_Users Deep_Space_Enthusiasts Okstate_Fans,480,65055
Dylan,Rogers,23,M,Portuguese,59922,Dylan.Rogers@comcast.net,Google Twitter Amazon,Vim_Users University_of_Tennessee_Fans,408,65127
Zoey,Coleman,51,F,Spanish,93869,Zoey.Coleman@yahoo.com,Youtube,Okstate_Fans,244,65291
Adeline,Ward,19,M,English,56259,Adeline.Ward@comcast.net,Amazon Amazon Twitter,PC_Users,282,65253
Samantha,Simmons,43,M,French,21788,Samantha.Simmons@gmail.com,Facebook Borg,Golfers,284,65251
Wyatt,King,41,M,Portuguese,87715,Wyatt.King@hotmail.net,Youtube Amazon Youtube,PC_Users Emacs_Users Emacs_Users,21,65514
Leo,Butler,78,F,English,21015,Leo.Butler@hotmail.net,Youtube,Golfers Golfers College_Football_Fans,312,65223
Aurora,Carter,75,M,Bengali,57491,Aurora.Carter@gmail.com,Borg Borg,OU_Fans Vim_Users Emacs_Users,51,65484
Connor,Young,14,F,French,93110,Connor.Young@comcast.net,Amazon Facebook,Golfers Golfers,260,65275
Jaxon,Ward,25,M,Arabic,20459,Jaxon.Ward@yahoo.com,Google,Vim_Users,254,65281
Sophia,Washington,64,M,English,9534,Sophia.Washington@hotmail.net,Google,Vim_Users College_Football_Fans,496,65039
Wyatt,Sanchez,44,F,Mandarin,63208,Wyatt.Sanchez@comcast.net,Amazon,Linux_Users,383,65152
Isabella,Long,54,M,Bengali,14913,Isabella.Long@hotmail.net,Google Amazon,Golfers OU_Fans,111,65424
Sawyer,Cooper,78,F,Bengali,50565,Sawyer.Cooper@gmail.com,Facebook,Okstate_Fans University_of_Tennessee_Fans OU_Fans,187,65348
Oliver,Russell,23,M,Spanish,31560,Oliver.Russell@comcast.net,Facebook Facebook,Emacs_Users,330,65205
Parker,Washington,45,F,Urdu,9420,Parker.Washington@gmail.com,Twitter Youtube Amazon,Golfers OU_Fans Okstate_Fans,468,65067
Josiah,Powell,81,F,Malay,18587,Josiah.Powell@gmail.com,Google,Linux_Users OU_Fans Vim_Users,11,65524
Elena,Jones,82,F,English,51462,Elena.Jones@comcast.net,Youtube,Okstate_Fans Deep_Space_Enthusiasts,94,65441
Xavier,Watson,25,M,Urdu,25992,Xavier.Watson@gmail.com,Twitter Amazon,College_Football_Fans,239,65296
Nicholas,Anderson,75,M,Hindi,82564,Nicholas.Anderson@hotmail.net,Twitter,Deep_Space_Enthusiasts,300,65235
Quinn,Hall,46,M,Malay,94800,Quinn.Hall@yahoo.com,Youtube Facebook Facebook,OU_Fans Emacs_Users Golfers,242,65293
Evelyn,Clark,62,F,Mandarin,87545,Evelyn.Clark@yahoo.com,Youtube,PC_Users,81,65454
Hannah,Stewart,56,M,Spanish,98067,Hannah.Stewart@yahoo.com,Borg Amazon,University_of_Tennessee_Fans Okstate_Fans Linux_Users,28,65507
Evelyn,Lopez,64,F,Urdu,14355,Evelyn.Lopez@gmail.com,Youtube Twitter,Okstate_Fans OU_Fans,181,65354
Elijah,Rodriguez,36,F,Bengali,90180,Elijah.Rodriguez@comcast.net,Borg Google Amazon,Linux_Users,135,65400
Serenity,Patterson,51,M,Arabic,66762,Serenity.Patterson@hotmail.net,Amazon Facebook Facebook,Emacs_Users Mac_Users Deep_Space_Enthusiasts,341,65194
Liam,Roberts,23,M,French,16418,Liam.Roberts@comcast.net,Google Amazon,University_of_Tennessee_Fans Emacs_Users,474,65061
Harper,Alexander,35,M,Bengali,409,Harper.Alexander@yahoo.com,Borg,PC_Users,419,65116
Nolan,Watson,34,M,Mandarin,40794,Nolan.Watson@gmail.com,Google,Golfers University_of_Tennessee_Fans Linux_Users,80,65455
Jayden,Martin,80,F,Spanish,44867,Jayden.Martin@comcast.net,Amazon Facebook Amazon,Linux_Users,398,65137
Matthew,Edwards,68,M,Russian,5451,Matthew.Edwards@gmail.com,Twitter,Golfers PC_Users Deep_Space_Enthusiasts,296,65239
Brielle,Cook,34,F,Malay,3389,Brielle.Cook@comcast.net,Borg Borg,Golfers Linux_Users Deep_Space_Enthusiasts,497,65038
Jace,Watson,54,M,Arabic,53855,Jace.Watson@comcast.net,Amazon Facebook Twitter,Emacs_Users Mac_Users Emacs_Users,84,65451
Jack,Sanders,74,M,Arabic,46343,Jack.Sanders@comcast.net,Amazon Google Amazon,College_Football_Fans,82,65453
Victoria,Perez,58,M,Arabic,74707,Victoria.Perez@comcast.net,Borg Amazon Borg,Emacs_Users Mac_Users,42,65493
Matthew,Cooper,35,F,English,53966,Matthew.Cooper@gmail.com,Amazon Amazon Google,Deep_Space_Enthusiasts Linux_Users,1,65534
Julian,Murphy,19,F,Mandarin,14106,Julian.Murphy@hotmail.net,Twitter Google,Okstate_Fans,477,65058
Parker,Anderson,48,M,Spanish,22251,Parker.Anderson@hotmail.net,Facebook Facebook Google,Emacs_Users Okstate_Fans Deep_Space_Enthusiasts,324,65211
Lucas,Jones,73,M,Hindi,90717,Lucas.Jones@yahoo.com,Facebook Google Amazon,Vim_Users OU_Fans Linux_Users,291,65244
Luna,Gonzalez,47,M,French,78352,Luna.Gonzalez@yahoo.com,Youtube Amazon Amazon,Emacs_Users College_Football_Fans,201,65334
Bella,Adams,29,M,Russian,43731,Bella.Adams@gmail.com,Google Twitter,Mac_Users Emacs_Users,280,65255
Hudson,Howard,55,M,Malay,60268,Hudson.Howard@yahoo.com,Google Amazon Twitter,College_Football_Fans,206,65329
Isla,Roberts,70,F,French,30732,Isla.Roberts@comcast.net,Facebook Borg Google,Mac_Users College_Football_Fans Deep_Space_Enthusiasts,470,65065
Natalie,Mitchell,21,F,Hindi,35129,Natalie.Mitchell@comcast.net,Borg Amazon Google,Emacs_Users,305,65230
Chloe,Ward,49,F,Mandarin,23864,Chloe.Ward@comcast.net,Borg,Golfers Vim_Users Emacs_Users,450,65085
Hunter,Roberts,37,M,Hindi,46259,Hunter.Roberts@hotmail.net,Borg Twitter Youtube,Deep_Space_Enthusiasts,359,65176
Matthew,Stewart,51,M,Russian,96794,Matthew.Stewart@hotmail.net,Youtube Amazon,Mac_Users Golfers Okstate_Fans,19,65516
