Mia,Bryant,51,F,Arabic,92983,Mia.Bryant@hotmail.net,Google,Vim_Users College_Football_Fans Golfers,146
Josiah,Lopez,27,F,Spanish,83877,Josiah.Lopez@comcast.net,Google,Linux_Users PC_Users,279
Benjamin,Howard,57,M,Russian,43602,Benjamin.Howard@yahoo.com,Youtube Twitter Facebook,University_of_Tennessee_Fans PC_Users University_of_Tennessee_Fans,453
Kayden,Cook,60,F,Russian,80972,Kayden.Cook@comcast.net,Twitter Twitter Amazon,Golfers,211
Sadie,Barnes,55,F,English,22648,Sadie.Barnes@gmail.com,Youtube Amazon,Vim_Users,461
Matthew,Rivera,58,M,Portuguese,25217,Matthew.Rivera@yahoo.com,Borg,Okstate_Fans Golfers University_of_Tennessee_Fans,185
Isla,Clark,54,F,Hindi,72482,Isla.Clark@yahoo.com,Google,College_Football_Fans University_of_Tennessee_Fans Mac_Users,377
Santiago,Hernandez,28,M,Malay,69738,Santiago.Hernandez@hotmail.net,Borg,Deep_Space_Enthusiasts University_of_Tennessee_Fans,122
Robert,Carter,70,M,Hindi,60560,Robert.Carter@comcast.net,Youtube Facebook Borg,Golfers University_of_Tennessee_Fans Emacs_Users,304
Eleanor,Cooper,81,F,Bengali,54960,Eleanor.Cooper@comcast.net,Youtube,Emacs_Users University_of_Tennessee_Fans,71
Emily,Allen,33,F,English,75761,Emily.Allen@hotmail.net,Twitter Twitter Twitter,Linux_Users,48
Miles,Evans,57,F,English,15124,Miles.Evans@yahoo.com,Facebook Facebook,Deep_Space_Enthusiasts Golfers PC_Users,422
Harper,Cox,64,F,Spanish,98471,Harper.Cox@gmail.com,Twitter,Linux_Users Golfers,337
Jameson,Parker,13,F,Russian,35187,Jameson.Parker@gmail.com,Borg Amazon,Emacs_Users Okstate_Fans,16
Michael,Jones,15,F,Malay,41555,Michael.Jones@yahoo.com,Twitter Facebook,PC_Users OU_Fans Mac_Users,155
Cora,Carter,51,M,Bengali,42622,Cora.Carter@hotmail.net,Twitter Borg Youtube,Emacs_Users,86
Hailey,Torres,62,F,Hindi,41939,Hailey.Torres@comcast.net,Youtube Google,Vim_Users University_of_Tennessee_Fans Okstate_Fans,275
Josiah,Moore,52,M,Hindi,77671,Josiah.Moore@gmail.com,Facebook Amazon,Deep_Space_Enthusiasts Golfers OU_Fans,299
Evan,Richardson,20,F,Portuguese,83377,Evan.Richardson@gmail.com,Twitter Google Amazon,Golfers Vim_Users,510
Emma,Hernandez,49,M,English,19058,Emma.Hernandez@hotmail.net,Google Google,PC_Users Deep_Space_Enthusiasts Okstate_Fans,391
Hunter,Adams,54,F,French,41143,Hunter.Adams@gmail.com,Youtube Google Youtube,Mac_Users,95
Nolan,Brown,48,M,Bengali,91278,Nolan.Brown@yahoo.com,Facebook,Emacs_Users Mac_Users Golfers,104
John,Gray,46,M,Portuguese,75669,John.Gray@hotmail.net,Amazon Facebook,Mac_Users Emacs_Users University_of_Tennessee_Fans,453
Parker,Young,35,M,Malay,96394,Parker.Young@yahoo.com,Google,Linux_Users Emacs_Users Mac_Users,287
Luna,Turner,36,F,Russian,17627,Luna.Turner@comcast.net,Youtube Youtube Borg,Okstate_Fans Linux_Users Vim_Users,30
Ezekiel,Russell,68,M,Spanish,58659,Ezekiel.Russell@comcast.net,Twitter Google Borg,Emacs_Users,511
Hannah,Reed,60,F,French,26517,Hannah.Reed@gmail.com,Youtube,PC_Users Mac_Users College_Football_Fans,252
Jonathan,Wilson,81,F,Russian,86346,Jonathan.Wilson@yahoo.com,Youtube Borg,University_of_Tennessee_Fans PC_Users,471
Bryson,Roberts,60,M,Arabic,48404,Bryson.Roberts@yahoo.com,Twitter,OU_Fans Golfers University_of_Tennessee_Fans,452
Oliver,Young,57,M,Mandarin,25563,Oliver.Young@yahoo.com,Amazon,University_of_Tennessee_Fans Okstate_Fans OU_Fans,111
Parker,Morgan,37,F,Hindi,48526,Parker.Morgan@hotmail.net,Google,OU_Fans,176
Andrew,Henderson,75,M,Spanish,35506,Andrew.Henderson@hotmail.net,Youtube Borg Facebook,University_of_Tennessee_Fans,376
Aiden,Harris,82,M,Spanish,35426,Aiden.Harris@yahoo.com,Borg Amazon,Mac_Users,504
Cameron,Russell,14,F,Malay,76502,Cameron.Russell@gmail.com,Google Youtube,Golfers OU_Fans Deep_Space_Enthusiasts,125
Parker,Brooks,60,F,Bengali,73263,Parker.Brooks@hotmail.net,Twitter,College_Football_Fans College_Football_Fans OU_Fans,116
Brayden,Cook,20,F,English,24449,Brayden.Cook@gmail.com,Borg,College_Football_Fans OU_Fans,240
Ariana,Powell,17,F,Bengali,69561,Ariana.Powell@hotmail.net,Facebook Borg,College_Football_Fans,105
Connor,Morgan,46,M,Bengali,46221,Connor.Morgan@yahoo.com,Youtube Borg Amazon,University_of_Tennessee_Fans Emacs_Users University_of_Tennessee_Fans,49
Elias,Torres,24,M,Mandarin,20447,Elias.Torres@hotmail.net,Twitter,Deep_Space_Enthusiasts Deep_Space_Enthusiasts,323
Elena,Ross,63,M,Portuguese,59656,Elena.Ross@gmail.com,Amazon Twitter,Linux_Users,340
Delilah,Rodriguez,41,F,Portuguese,62431,Delilah.Rodriguez@yahoo.com,Borg Twitter,PC_Users Golfers,414
Violet,Watson,16,F,Portuguese,44216,Violet.Watson@yahoo.com,Youtube Amazon,Vim_Users Deep_Space_Enthusiasts Vim_Users,103
Gabriel,Gonzalez,44,M,Portuguese,59463,Gabriel.Gonzalez@gmail.com,Google,Emacs_Users,97
Mila,Wright,46,F,Urdu,37607,Mila.Wright@comcast.net,Amazon,OU_Fans Linux_Users Vim_Users,407
Kinsley,Taylor,20,M,Malay,38997,Kinsley.Taylor@comcast.net,Facebook Amazon,Vim_Users PC_Users,297
Scarlett,Coleman,45,M,Arabic,58494,Scarlett.Coleman@comcast.net,Google,Vim_Users,351
Vivian,King,13,M,Malay,63305,Vivian.King@yahoo.com,Amazon Amazon Amazon,Emacs_Users,32
Aaron,White,27,F,English,36829,Aaron.White@gmail.com,Twitter,PC_Users,480
Jameson,Wood,77,F,French,23552,Jameson.Wood@gmail.com,Amazon Youtube,Vim_Users,241
Ruby,Sanchez,66,F,Arabic,41261,Ruby.Sanchez@gmail.com,Facebook,College_Football_Fans,81
Jaxon,Murphy,19,M,Portuguese,43715,Jaxon.Murphy@comcast.net,Twitter Borg Borg,OU_Fans Deep_Space_Enthusiasts University_of_Tennessee_Fans,39
Ethan,Patterson,45,M,Malay,24718,Ethan.Patterson@gmail.com,Youtube,Emacs_Users Mac_Users,194
Eva,Rodriguez,65,M,Bengali,80034,Eva.Rodriguez@hotmail.net,Facebook,Okstate_Fans Okstate_Fans OU_Fans,411
Skylar,Bailey,20,M,French,64064,Skylar.Bailey@hotmail.net,Facebook Youtube Google,PC_Users Golfers,354
Angel,Rogers,59,M,Mandarin,73236,Angel.Rogers@gmail.com,Facebook Facebook Amazon,Golfers Okstate_Fans,429
Ruby,Rogers,25,M,Bengali,54787,Ruby.Rogers@hotmail.net,Amazon,Emacs_Users University_of_Tennessee_Fans Deep_Space_Enthusiasts,355
David,Scott,42,F,English,92620,David.Scott@comcast.net,Google,OU_Fans Linux_Users,485
Michael,Ward,33,M,Arabic,61060,Michael.Ward@comcast.net,Twitter Google,Okstate_Fans Linux_Users,242
Chloe,Cooper,15,M,English,72661,Chloe.Cooper@comcast.net,Amazon,College_Football_Fans Deep_Space_Enthusiasts Golfers,464
Hazel,Turner,65,F,Malay,74239,Hazel.Turner@gmail.com,Google,OU_Fans University_of_Tennessee_Fans,477
Emilia,Bryant,76,F,Portuguese,67581,Emilia.Bryant@yahoo.com,Google,University_of_Tennessee_Fans,168
Easton,Gray,47,M,French,21252,Easton.Gray@gmail.com,Twitter,Okstate_Fans University_of_Tennessee_Fans Okstate_Fans,310
Michael,Ramirez,47,M,Mandarin,56990,Michael.Ramirez@comcast.net,Youtube Google,Vim_Users College_Football_Fans,477
Carter,Ramirez,31,F,Russian,65599,Carter.Ramirez@hotmail.net,Amazon,College_Football_Fans Golfers Linux_Users,390
Kayden,Foster,18,F,French,74416,Kayden.Foster@comcast.net,Facebook Twitter,Vim_Users Linux_Users Emacs_Users,33
Camila,Powell,81,M,English,67557,Camila.Powell@yahoo.com,Borg,Linux_Users Okstate_Fans Deep_Space_Enthusiasts,35
Kaylee,Rodriguez,78,M,Bengali,57754,Kaylee.Rodriguez@yahoo.com,Facebook,Golfers,132
Delilah,Bell,59,M,Russian,23658,Delilah.Bell@yahoo.com,Facebook Google,Okstate_Fans,263
Alexa,Bryant,81,F,Urdu,64316,Alexa.Bryant@yahoo.com,Amazon,OU_Fans PC_Users Okstate_Fans,417
Quinn,Gray,28,F,French,15286,Quinn.Gray@comcast.net,Borg Borg,Deep_Space_Enthusiasts Vim_Users,448
Serenity,Cook,16,M,Arabic,64703,Serenity.Cook@gmail.com,Amazon Amazon Google,Golfers Okstate_Fans,84
Jaxon,Murphy,26,M,Hindi,77527,Jaxon.Murphy@yahoo.com,Google,Emacs_Users Okstate_Fans,65
Natalie,Griffin,34,F,Bengali,11810,Natalie.Griffin@yahoo.com,Google Borg Twitter,University_of_Tennessee_Fans University_of_Tennessee_Fans,119
Autumn,Flores,63,F,Mandarin,48939,Autumn.Flores@gmail.com,Twitter Facebook Amazon,University_of_Tennessee_Fans Golfers University_of_Tennessee_Fans,196
Isaiah,Brooks,16,F,Portuguese,63532,Isaiah.Brooks@yahoo.com,Twitter Amazon,College_Football_Fans OU_Fans,297
Everett,Cooper,58,F,Russian,70572,Everett.Cooper@comcast.net,Borg,Vim_Users Deep_Space_Enthusiasts Golfers,400
Victoria,Powell,70,F,Mandarin,95578,Victoria.Powell@gmail.com,Amazon Google,Emacs_Users Mac_Users,451
Alexander,Murphy,61,M,Russian,52161,Alexander.Murphy@hotmail.net,Twitter Youtube,College_Football_Fans,368
Emily,Torres,41,F,Arabic,37803,Emily.Torres@hotmail.net,Amazon Borg Google,University_of_Tennessee_Fans PC_Users,483
Madelyn,Morris,71,M,Malay,35545,Madelyn.Morris@comcast.net,Borg,College_Football_Fans OU_Fans,202
Ariana,Henderson,22,F,French,43550,Ariana.Henderson@yahoo.com,Borg Youtube Borg,Mac_Users,340
Zoey,White,56,F,Hindi,66164,Zoey.White@comcast.net,Facebook Twitter,Vim_Users,227
Nevaeh,Rogers,71,M,Urdu,34870,Nevaeh.Rogers@hotmail.net,Borg Facebook,University_of_Tennessee_Fans College_Football_Fans,362
Luke,Morgan,24,F,Arabic,49561,Luke.Morgan@yahoo.com,Twitter Amazon,Mac_Users Vim_Users PC_Users,204
Lucas,Moore,27,F,Hindi,60329,Lucas.Moore@comcast.net,Youtube,Deep_Space_Enthusiasts,311
Lily,Thompson,78,M,Russian,51428,Lily.Thompson@gmail.com,Google Amazon Youtube,Deep_Space_Enthusiasts,187
Liam,Lewis,33,M,Hindi,6804,Liam.Lewis@hotmail.net,Google,OU_Fans Deep_Space_Enthusiasts,413
Jayden,Garcia,41,M,Urdu,80128,Jayden.Garcia@comcast.net,Google,PC_Users Deep_Space_Enthusiasts,205
Ezra,Jenkins,45,F,Arabic,17954,Ezra.Jenkins@hotmail.net,Youtube Google,Golfers,444
Alice,Rogers,78,M,Spanish,54585,Alice.Rogers@gmail.com,Facebook,PC_Users Deep_Space_Enthusiasts University_of_Tennessee_Fans,334
Levi,Roberts,70,M,Hindi,4881,Levi.Roberts@hotmail.net,Twitter Youtube Facebook,Linux_Users College_Football_Fans Vim_Users,494
Adrian,Hall,52,M,Portuguese,28863,Adrian.Hall@hotmail.net,Youtube Youtube Twitter,Emacs_Users,371
Addison,Carter,45,F,Portuguese,36462,Addison.Carter@comcast.net,Youtube,Deep_Space_Enthusiasts,116
Mason,Robinson,32,F,Spanish,27995,Mason.Robinson@hotmail.net,Borg Facebook,Okstate_Fans,91
Addison,Morgan,53,F,Arabic,1220,Addison.Morgan@gmail.com,Borg Facebook,PC_Users Linux_Users,98
Mateo,Butler,67,F,Arabic,51828,Mateo.Butler@gmail.com,Youtube Google,Linux_Users College_Football_Fans PC_Users,445
Santiago,Taylor,55,F,Urdu,47884,Santiago.Taylor@yahoo.com,Google,Emacs_Users Golfers,155
Nevaeh,Hernandez,58,F,Hindi,46834,Nevaeh.Hernandez@gmail.com,Borg,Vim_Users Deep_Space_Enthusiasts Emacs_Users,324
Emma,Washington,41,M,Bengali,97420,Emma.Washington@gmail.com,Youtube Twitter,College_Football_Fans Mac_Users,322
Scarlett,Mitchell,75,M,French,31708,Scarlett.Mitchell@comcast.net,Youtube,Golfers OU_Fans Vim_Users,113
